District,Description,Establishments,Workforce
Attock,"Agriculture, forestry and fishing",7033.0,20211.0
Attock,Mining and quarrying,0.0,0.0
Attock,Manufacturing,8718.0,20813.0
Attock,"Electricity, gas, steam and air conditioning supply",5.0,104.0
Attock,"Water supply; sewerage, waste management and remediation activities",351.0,748.0
Attock,Construction,59.0,617.0
Attock,Wholesale and retail trade; repair of motor vehicles and motorcycles,31526.0,58562.0
Attock,Transportation and storage,909.0,1669.0
Attock,Accommodation and food service activities,2920.0,8718.0
Attock,Information and communication,398.0,2797.0
Attock,Financial and insurance activities,261.0,2214.0
Attock,Real estate activities,512.0,1274.0
Attock,"Professional, scientific and technical activities",363.0,2219.0
Attock,Administrative and support service activities,439.0,991.0
Attock,Public administration and defence; compulsory social security,394.0,9523.0
Attock,Education,3296.0,42667.0
Attock,Human health and social work activities,973.0,8338.0
Attock,"Arts, entertainment and recreation",139.0,297.0
Attock,Other service activities,9873.0,23832.0
Attock,Activities of extraterritorial organizations and bodies,0.0,0.0
Attock,Others,345.0,677.0
Attock,Old homes /Orphanage,3.0,47.0
Attock,Hostel,124.0,1116.0
Attock,Hotel,2804.0,7764.0
Attock,Hospital,908.0,5528.0
Attock,Maddrasa,390.0,3038.0
Attock,School,2440.0,32492.0
Attock,College,133.0,3988.0
Attock,University,0.0,0.0
Attock,Masjid,6271.0,15358.0
Attock,Shop Retail,26633.0,48475.0
Attock,Shop Wholesale,1583.0,3287.0
Attock,Shop Service,9206.0,21842.0
Attock,Shop Production,8415.0,15137.0
Attock,Factory,97.0,5243.0
Attock,Semi Govt. Office,108.0,750.0
Attock,Govt. Office,438.0,9006.0
Attock,Post Office,107.0,428.0
Attock,Bank,220.0,2108.0
Attock,Police Station,42.0,759.0
Attock,Cattle Farming,7061.0,20255.0
Attock,Others,1531.0,9650.0
Bahawalnagar,"Agriculture, forestry and fishing",28138.0,43141.0
Bahawalnagar,Mining and quarrying,0.0,0.0
Bahawalnagar,Manufacturing,10670.0,37946.0
Bahawalnagar,"Electricity, gas, steam and air conditioning supply",1.0,1.0
Bahawalnagar,"Water supply; sewerage, waste management and remediation activities",1378.0,1763.0
Bahawalnagar,Construction,36.0,281.0
Bahawalnagar,Wholesale and retail trade; repair of motor vehicles and motorcycles,46990.0,81995.0
Bahawalnagar,Transportation and storage,665.0,1854.0
Bahawalnagar,Accommodation and food service activities,2979.0,8552.0
Bahawalnagar,Information and communication,529.0,1527.0
Bahawalnagar,Financial and insurance activities,286.0,3080.0
Bahawalnagar,Real estate activities,848.0,2374.0
Bahawalnagar,"Professional, scientific and technical activities",567.0,1924.0
Bahawalnagar,Administrative and support service activities,311.0,723.0
Bahawalnagar,Public administration and defence; compulsory social security,398.0,7227.0
Bahawalnagar,Education,5384.0,60045.0
Bahawalnagar,Human health and social work activities,1319.0,7167.0
Bahawalnagar,"Arts, entertainment and recreation",140.0,302.0
Bahawalnagar,Other service activities,15238.0,30680.0
Bahawalnagar,Activities of extraterritorial organizations and bodies,0.0,0.0
Bahawalnagar,Others,578.0,749.0
Bahawalnagar,Old homes /Orphanage,2.0,30.0
Bahawalnagar,Hostel,93.0,1165.0
Bahawalnagar,Hotel,2895.0,7818.0
Bahawalnagar,Hospital,1258.0,6802.0
Bahawalnagar,Maddrasa,937.0,6261.0
Bahawalnagar,School,3755.0,47659.0
Bahawalnagar,College,163.0,2919.0
Bahawalnagar,University,0.0,0.0
Bahawalnagar,Masjid,10174.0,23779.0
Bahawalnagar,Shop Retail,39556.0,66252.0
Bahawalnagar,Shop Wholesale,2338.0,6285.0
Bahawalnagar,Shop Service,13070.0,24622.0
Bahawalnagar,Shop Production,10213.0,19295.0
Bahawalnagar,Factory,243.0,18035.0
Bahawalnagar,Semi Govt. Office,80.0,435.0
Bahawalnagar,Govt. Office,429.0,5670.0
Bahawalnagar,Post Office,72.0,361.0
Bahawalnagar,Bank,272.0,3059.0
Bahawalnagar,Police Station,39.0,711.0
Bahawalnagar,Cattle Farming,28283.0,43369.0
Bahawalnagar,Others,2583.0,6804.0
Bahawalpur,"Agriculture, forestry and fishing",23403.0,45450.0
Bahawalpur,Mining and quarrying,0.0,0.0
Bahawalpur,Manufacturing,14184.0,43439.0
Bahawalpur,"Electricity, gas, steam and air conditioning supply",4.0,43.0
Bahawalpur,"Water supply; sewerage, waste management and remediation activities",2115.0,3067.0
Bahawalpur,Construction,72.0,740.0
Bahawalpur,Wholesale and retail trade; repair of motor vehicles and motorcycles,58189.0,105437.0
Bahawalpur,Transportation and storage,637.0,2644.0
Bahawalpur,Accommodation and food service activities,5055.0,16508.0
Bahawalpur,Information and communication,757.0,2979.0
Bahawalpur,Financial and insurance activities,348.0,4278.0
Bahawalpur,Real estate activities,986.0,2823.0
Bahawalpur,"Professional, scientific and technical activities",439.0,1780.0
Bahawalpur,Administrative and support service activities,400.0,1684.0
Bahawalpur,Public administration and defence; compulsory social security,624.0,13047.0
Bahawalpur,Education,5900.0,92904.0
Bahawalpur,Human health and social work activities,1874.0,11803.0
Bahawalpur,"Arts, entertainment and recreation",342.0,1047.0
Bahawalpur,Other service activities,22536.0,55040.0
Bahawalpur,Activities of extraterritorial organizations and bodies,0.0,0.0
Bahawalpur,Others,712.0,2759.0
Bahawalpur,Old homes /Orphanage,3.0,43.0
Bahawalpur,Hostel,487.0,4276.0
Bahawalpur,Hotel,4606.0,12800.0
Bahawalpur,Hospital,1807.0,11340.0
Bahawalpur,Maddrasa,789.0,8290.0
Bahawalpur,School,3920.0,69905.0
Bahawalpur,College,249.0,5239.0
Bahawalpur,University,3.0,243.0
Bahawalpur,Masjid,16122.0,48309.0
Bahawalpur,Shop Retail,50265.0,88348.0
Bahawalpur,Shop Wholesale,2408.0,5219.0
Bahawalpur,Shop Service,15639.0,31608.0
Bahawalpur,Shop Production,13582.0,29230.0
Bahawalpur,Factory,265.0,13640.0
Bahawalpur,Semi Govt. Office,125.0,2040.0
Bahawalpur,Govt. Office,578.0,12682.0
Bahawalpur,Post Office,75.0,417.0
Bahawalpur,Bank,319.0,4205.0
Bahawalpur,Police Station,38.0,944.0
Bahawalpur,Cattle Farming,23551.0,45673.0
Bahawalpur,Others,3746.0,13021.0
Bhakkar,"Agriculture, forestry and fishing",6425.0,11980.0
Bhakkar,Mining and quarrying,1.0,2.0
Bhakkar,Manufacturing,7161.0,22585.0
Bhakkar,"Electricity, gas, steam and air conditioning supply",0.0,0.0
Bhakkar,"Water supply; sewerage, waste management and remediation activities",551.0,766.0
Bhakkar,Construction,20.0,117.0
Bhakkar,Wholesale and retail trade; repair of motor vehicles and motorcycles,29199.0,45846.0
Bhakkar,Transportation and storage,475.0,984.0
Bhakkar,Accommodation and food service activities,2193.0,5621.0
Bhakkar,Information and communication,316.0,732.0
Bhakkar,Financial and insurance activities,119.0,1263.0
Bhakkar,Real estate activities,477.0,764.0
Bhakkar,"Professional, scientific and technical activities",337.0,1091.0
Bhakkar,Administrative and support service activities,178.0,314.0
Bhakkar,Public administration and defence; compulsory social security,228.0,4052.0
Bhakkar,Education,2941.0,31757.0
Bhakkar,Human health and social work activities,825.0,3653.0
Bhakkar,"Arts, entertainment and recreation",67.0,126.0
Bhakkar,Other service activities,11023.0,16624.0
Bhakkar,Activities of extraterritorial organizations and bodies,0.0,0.0
Bhakkar,Others,331.0,895.0
Bhakkar,Old homes /Orphanage,0.0,0.0
Bhakkar,Hostel,72.0,340.0
Bhakkar,Hotel,2123.0,5319.0
Bhakkar,Hospital,790.0,3491.0
Bhakkar,Maddrasa,233.0,1558.0
Bhakkar,School,2342.0,26357.0
Bhakkar,College,98.0,2347.0
Bhakkar,University,1.0,213.0
Bhakkar,Masjid,7672.0,12835.0
Bhakkar,Shop Retail,24603.0,36997.0
Bhakkar,Shop Wholesale,1620.0,2995.0
Bhakkar,Shop Service,8053.0,13551.0
Bhakkar,Shop Production,6804.0,12247.0
Bhakkar,Factory,161.0,10134.0
Bhakkar,Semi Govt. Office,76.0,364.0
Bhakkar,Govt. Office,226.0,2601.0
Bhakkar,Post Office,32.0,225.0
Bhakkar,Bank,105.0,1222.0
Bhakkar,Police Station,24.0,490.0
Bhakkar,Cattle Farming,6477.0,12052.0
Bhakkar,Others,1355.0,3834.0
Faisalabad,"Agriculture, forestry and fishing",61317.0,103698.0
Faisalabad,Mining and quarrying,2.0,5.0
Faisalabad,Manufacturing,35966.0,294191.0
Faisalabad,"Electricity, gas, steam and air conditioning supply",20.0,626.0
Faisalabad,"Water supply; sewerage, waste management and remediation activities",2077.0,4464.0
Faisalabad,Construction,102.0,488.0
Faisalabad,Wholesale and retail trade; repair of motor vehicles and motorcycles,181751.0,402088.0
Faisalabad,Transportation and storage,3382.0,16512.0
Faisalabad,Accommodation and food service activities,12892.0,45962.0
Faisalabad,Information and communication,1948.0,7405.0
Faisalabad,Financial and insurance activities,823.0,11483.0
Faisalabad,Real estate activities,3846.0,9216.0
Faisalabad,"Professional, scientific and technical activities",1299.0,3159.0
Faisalabad,Administrative and support service activities,1235.0,3358.0
Faisalabad,Public administration and defence; compulsory social security,1133.0,32017.0
Faisalabad,Education,9626.0,175742.0
Faisalabad,Human health and social work activities,5728.0,29073.0
Faisalabad,"Arts, entertainment and recreation",1207.0,2178.0
Faisalabad,Other service activities,43265.0,83416.0
Faisalabad,Activities of extraterritorial organizations and bodies,0.0,0.0
Faisalabad,Others,1974.0,7366.0
Faisalabad,Old homes /Orphanage,9.0,103.0
Faisalabad,Hostel,852.0,7514.0
Faisalabad,Hotel,12072.0,38569.0
Faisalabad,Hospital,5587.0,28292.0
Faisalabad,Maddrasa,1310.0,12023.0
Faisalabad,School,7313.0,143253.0
Faisalabad,College,438.0,12610.0
Faisalabad,University,11.0,1905.0
Faisalabad,Masjid,13248.0,50322.0
Faisalabad,Shop Retail,157660.0,365428.0
Faisalabad,Shop Wholesale,12440.0,25787.0
Faisalabad,Shop Service,52660.0,85304.0
Faisalabad,Shop Production,31658.0,89196.0
Faisalabad,Factory,2700.0,186899.0
Faisalabad,Semi Govt. Office,393.0,5393.0
Faisalabad,Govt. Office,1177.0,29695.0
Faisalabad,Post Office,175.0,1442.0
Faisalabad,Bank,718.0,10445.0
Faisalabad,Police Station,95.0,3376.0
Faisalabad,Cattle Farming,61765.0,104390.0
Faisalabad,Others,7312.0,30501.0
Chakwal,"Agriculture, forestry and fishing",5680.0,10912.0
Chakwal,Mining and quarrying,3.0,272.0
Chakwal,Manufacturing,7638.0,24405.0
Chakwal,"Electricity, gas, steam and air conditioning supply",9.0,94.0
Chakwal,"Water supply; sewerage, waste management and remediation activities",273.0,423.0
Chakwal,Construction,28.0,106.0
Chakwal,Wholesale and retail trade; repair of motor vehicles and motorcycles,27926.0,47847.0
Chakwal,Transportation and storage,687.0,1478.0
Chakwal,Accommodation and food service activities,2464.0,7421.0
Chakwal,Information and communication,416.0,938.0
Chakwal,Financial and insurance activities,213.0,1983.0
Chakwal,Real estate activities,386.0,739.0
Chakwal,"Professional, scientific and technical activities",250.0,898.0
Chakwal,Administrative and support service activities,420.0,771.0
Chakwal,Public administration and defence; compulsory social security,264.0,4344.0
Chakwal,Education,3088.0,34770.0
Chakwal,Human health and social work activities,968.0,4657.0
Chakwal,"Arts, entertainment and recreation",103.0,188.0
Chakwal,Other service activities,9110.0,15700.0
Chakwal,Activities of extraterritorial organizations and bodies,0.0,0.0
Chakwal,Others,379.0,605.0
Chakwal,Old homes /Orphanage,0.0,0.0
Chakwal,Hostel,86.0,696.0
Chakwal,Hotel,2381.0,6824.0
Chakwal,Hospital,917.0,4421.0
Chakwal,Maddrasa,270.0,1336.0
Chakwal,School,2325.0,27053.0
Chakwal,College,180.0,4184.0
Chakwal,University,1.0,5.0
Chakwal,Masjid,6258.0,11898.0
Chakwal,Shop Retail,23597.0,39211.0
Chakwal,Shop Wholesale,1254.0,3130.0
Chakwal,Shop Service,7758.0,13484.0
Chakwal,Shop Production,7321.0,13553.0
Chakwal,Factory,170.0,10699.0
Chakwal,Semi Govt. Office,102.0,359.0
Chakwal,Govt. Office,254.0,3503.0
Chakwal,Post Office,130.0,407.0
Chakwal,Bank,180.0,1687.0
Chakwal,Police Station,24.0,474.0
Chakwal,Cattle Farming,5735.0,10996.0
Chakwal,Others,1362.0,4631.0
Chiniot,"Agriculture, forestry and fishing",22043.0,39412.0
Chiniot,Mining and quarrying,0.0,0.0
Chiniot,Manufacturing,7756.0,23322.0
Chiniot,"Electricity, gas, steam and air conditioning supply",1.0,4.0
Chiniot,"Water supply; sewerage, waste management and remediation activities",531.0,684.0
Chiniot,Construction,16.0,62.0
Chiniot,Wholesale and retail trade; repair of motor vehicles and motorcycles,23496.0,43911.0
Chiniot,Transportation and storage,173.0,473.0
Chiniot,Accommodation and food service activities,1823.0,4584.0
Chiniot,Information and communication,243.0,848.0
Chiniot,Financial and insurance activities,112.0,976.0
Chiniot,Real estate activities,132.0,292.0
Chiniot,"Professional, scientific and technical activities",247.0,2516.0
Chiniot,Administrative and support service activities,137.0,262.0
Chiniot,Public administration and defence; compulsory social security,160.0,1882.0
Chiniot,Education,1969.0,21680.0
Chiniot,Human health and social work activities,801.0,3245.0
Chiniot,"Arts, entertainment and recreation",172.0,294.0
Chiniot,Other service activities,8488.0,15276.0
Chiniot,Activities of extraterritorial organizations and bodies,0.0,0.0
Chiniot,Others,212.0,264.0
Chiniot,Old homes /Orphanage,0.0,0.0
Chiniot,Hostel,49.0,829.0
Chiniot,Hotel,1777.0,3955.0
Chiniot,Hospital,782.0,3119.0
Chiniot,Maddrasa,227.0,1670.0
Chiniot,School,1487.0,17390.0
Chiniot,College,63.0,1338.0
Chiniot,University,1.0,35.0
Chiniot,Masjid,5716.0,11253.0
Chiniot,Shop Retail,19928.0,36513.0
Chiniot,Shop Wholesale,1093.0,2298.0
Chiniot,Shop Service,6315.0,12716.0
Chiniot,Shop Production,7512.0,17903.0
Chiniot,Factory,70.0,5291.0
Chiniot,Semi Govt. Office,59.0,250.0
Chiniot,Govt. Office,161.0,1876.0
Chiniot,Post Office,24.0,106.0
Chiniot,Bank,91.0,921.0
Chiniot,Police Station,20.0,356.0
Chiniot,Cattle Farming,22070.0,39448.0
Chiniot,Others,1067.0,2720.0
Dera Ghazi Khan,"Agriculture, forestry and fishing",9248.0,18282.0
Dera Ghazi Khan,Mining and quarrying,0.0,0.0
Dera Ghazi Khan,Manufacturing,8856.0,26232.0
Dera Ghazi Khan,"Electricity, gas, steam and air conditioning supply",0.0,0.0
Dera Ghazi Khan,"Water supply; sewerage, waste management and remediation activities",1451.0,2937.0
Dera Ghazi Khan,Construction,47.0,199.0
Dera Ghazi Khan,Wholesale and retail trade; repair of motor vehicles and motorcycles,41219.0,71594.0
Dera Ghazi Khan,Transportation and storage,569.0,1644.0
Dera Ghazi Khan,Accommodation and food service activities,3467.0,8978.0
Dera Ghazi Khan,Information and communication,528.0,1322.0
Dera Ghazi Khan,Financial and insurance activities,194.0,2100.0
Dera Ghazi Khan,Real estate activities,313.0,747.0
Dera Ghazi Khan,"Professional, scientific and technical activities",494.0,1155.0
Dera Ghazi Khan,Administrative and support service activities,644.0,1497.0
Dera Ghazi Khan,Public administration and defence; compulsory social security,284.0,6128.0
Dera Ghazi Khan,Education,4176.0,52933.0
Dera Ghazi Khan,Human health and social work activities,1682.0,7068.0
Dera Ghazi Khan,"Arts, entertainment and recreation",135.0,286.0
Dera Ghazi Khan,Other service activities,16862.0,34155.0
Dera Ghazi Khan,Activities of extraterritorial organizations and bodies,0.0,0.0
Dera Ghazi Khan,Others,915.0,1094.0
Dera Ghazi Khan,Old homes /Orphanage,0.0,0.0
Dera Ghazi Khan,Hostel,147.0,646.0
Dera Ghazi Khan,Hotel,3322.0,8387.0
Dera Ghazi Khan,Hospital,1652.0,6780.0
Dera Ghazi Khan,Maddrasa,182.0,1051.0
Dera Ghazi Khan,School,3441.0,43584.0
Dera Ghazi Khan,College,89.0,1680.0
Dera Ghazi Khan,University,4.0,380.0
Dera Ghazi Khan,Masjid,13652.0,29665.0
Dera Ghazi Khan,Shop Retail,35137.0,57901.0
Dera Ghazi Khan,Shop Wholesale,2272.0,4463.0
Dera Ghazi Khan,Shop Service,9737.0,19954.0
Dera Ghazi Khan,Shop Production,8288.0,18837.0
Dera Ghazi Khan,Factory,175.0,5424.0
Dera Ghazi Khan,Semi Govt. Office,59.0,314.0
Dera Ghazi Khan,Govt. Office,296.0,9017.0
Dera Ghazi Khan,Post Office,48.0,256.0
Dera Ghazi Khan,Bank,173.0,1906.0
Dera Ghazi Khan,Police Station,67.0,894.0
Dera Ghazi Khan,Cattle Farming,9361.0,18464.0
Dera Ghazi Khan,Others,2982.0,8748.0
Gujranwala,"Agriculture, forestry and fishing",55776.0,104222.0
Gujranwala,Mining and quarrying,0.0,0.0
Gujranwala,Manufacturing,27482.0,114757.0
Gujranwala,"Electricity, gas, steam and air conditioning supply",14.0,168.0
Gujranwala,"Water supply; sewerage, waste management and remediation activities",2975.0,4614.0
Gujranwala,Construction,133.0,668.0
Gujranwala,Wholesale and retail trade; repair of motor vehicles and motorcycles,94661.0,219491.0
Gujranwala,Transportation and storage,3148.0,11182.0
Gujranwala,Accommodation and food service activities,8852.0,27277.0
Gujranwala,Information and communication,936.0,4293.0
Gujranwala,Financial and insurance activities,627.0,6520.0
Gujranwala,Real estate activities,2316.0,4285.0
Gujranwala,"Professional, scientific and technical activities",860.0,3378.0
Gujranwala,Administrative and support service activities,951.0,2205.0
Gujranwala,Public administration and defence; compulsory social security,525.0,10478.0
Gujranwala,Education,8195.0,125234.0
Gujranwala,Human health and social work activities,3916.0,16514.0
Gujranwala,"Arts, entertainment and recreation",1058.0,1749.0
Gujranwala,Other service activities,21569.0,51053.0
Gujranwala,Activities of extraterritorial organizations and bodies,0.0,0.0
Gujranwala,Others,1825.0,4357.0
Gujranwala,Old homes /Orphanage,4.0,86.0
Gujranwala,Hostel,86.0,977.0
Gujranwala,Hotel,8770.0,26326.0
Gujranwala,Hospital,3821.0,15884.0
Gujranwala,Maddrasa,861.0,5765.0
Gujranwala,School,5786.0,98366.0
Gujranwala,College,317.0,11152.0
Gujranwala,University,4.0,613.0
Gujranwala,Masjid,10361.0,34967.0
Gujranwala,Shop Retail,81319.0,180649.0
Gujranwala,Shop Wholesale,6926.0,23080.0
Gujranwala,Shop Service,25454.0,49200.0
Gujranwala,Shop Production,25026.0,66088.0
Gujranwala,Factory,1413.0,47165.0
Gujranwala,Semi Govt. Office,130.0,967.0
Gujranwala,Govt. Office,511.0,12827.0
Gujranwala,Post Office,139.0,585.0
Gujranwala,Bank,542.0,6147.0
Gujranwala,Police Station,53.0,1512.0
Gujranwala,Cattle Farming,56055.0,104645.0
Gujranwala,Others,8241.0,25444.0
Gujrat,"Agriculture, forestry and fishing",17996.0,31455.0
Gujrat,Mining and quarrying,0.0,0.0
Gujrat,Manufacturing,13345.0,42025.0
Gujrat,"Electricity, gas, steam and air conditioning supply",8.0,100.0
Gujrat,"Water supply; sewerage, waste management and remediation activities",337.0,470.0
Gujrat,Construction,141.0,454.0
Gujrat,Wholesale and retail trade; repair of motor vehicles and motorcycles,46360.0,95994.0
Gujrat,Transportation and storage,1153.0,3275.0
Gujrat,Accommodation and food service activities,5058.0,15489.0
Gujrat,Information and communication,540.0,3113.0
Gujrat,Financial and insurance activities,587.0,5110.0
Gujrat,Real estate activities,579.0,1662.0
Gujrat,"Professional, scientific and technical activities",911.0,3301.0
Gujrat,Administrative and support service activities,784.0,2397.0
Gujrat,Public administration and defence; compulsory social security,449.0,8347.0
Gujrat,Education,4542.0,73540.0
Gujrat,Human health and social work activities,2063.0,11050.0
Gujrat,"Arts, entertainment and recreation",374.0,790.0
Gujrat,Other service activities,13993.0,27083.0
Gujrat,Activities of extraterritorial organizations and bodies,0.0,0.0
Gujrat,Others,714.0,2191.0
Gujrat,Old homes /Orphanage,6.0,57.0
Gujrat,Hostel,83.0,779.0
Gujrat,Hotel,4984.0,14837.0
Gujrat,Hospital,1985.0,10612.0
Gujrat,Maddrasa,394.0,3477.0
Gujrat,School,3342.0,61395.0
Gujrat,College,192.0,4897.0
Gujrat,University,2.0,47.0
Gujrat,Masjid,7931.0,19184.0
Gujrat,Shop Retail,39145.0,79161.0
Gujrat,Shop Wholesale,2934.0,6593.0
Gujrat,Shop Service,14235.0,29549.0
Gujrat,Shop Production,12789.0,27350.0
Gujrat,Factory,281.0,14416.0
Gujrat,Semi Govt. Office,123.0,465.0
Gujrat,Govt. Office,478.0,6743.0
Gujrat,Post Office,144.0,696.0
Gujrat,Bank,430.0,4058.0
Gujrat,Police Station,51.0,1554.0
Gujrat,Cattle Farming,18096.0,31583.0
Gujrat,Others,2309.0,10393.0
Hafizabad,"Agriculture, forestry and fishing",25116.0,38477.0
Hafizabad,Mining and quarrying,0.0,0.0
Hafizabad,Manufacturing,4751.0,22456.0
Hafizabad,"Electricity, gas, steam and air conditioning supply",2.0,18.0
Hafizabad,"Water supply; sewerage, waste management and remediation activities",602.0,666.0
Hafizabad,Construction,19.0,211.0
Hafizabad,Wholesale and retail trade; repair of motor vehicles and motorcycles,19474.0,31456.0
Hafizabad,Transportation and storage,524.0,963.0
Hafizabad,Accommodation and food service activities,1494.0,4888.0
Hafizabad,Information and communication,213.0,685.0
Hafizabad,Financial and insurance activities,136.0,2219.0
Hafizabad,Real estate activities,223.0,403.0
Hafizabad,"Professional, scientific and technical activities",325.0,2269.0
Hafizabad,Administrative and support service activities,140.0,443.0
Hafizabad,Public administration and defence; compulsory social security,127.0,2300.0
Hafizabad,Education,2078.0,19534.0
Hafizabad,Human health and social work activities,708.0,3432.0
Hafizabad,"Arts, entertainment and recreation",141.0,213.0
Hafizabad,Other service activities,6432.0,13146.0
Hafizabad,Activities of extraterritorial organizations and bodies,0.0,0.0
Hafizabad,Others,239.0,271.0
Hafizabad,Old homes /Orphanage,0.0,0.0
Hafizabad,Hostel,23.0,689.0
Hafizabad,Hotel,1473.0,4342.0
Hafizabad,Hospital,687.0,3289.0
Hafizabad,Maddrasa,135.0,615.0
Hafizabad,School,1696.0,16379.0
Hafizabad,College,73.0,1690.0
Hafizabad,University,0.0,0.0
Hafizabad,Masjid,4275.0,7164.0
Hafizabad,Shop Retail,16701.0,26592.0
Hafizabad,Shop Wholesale,1089.0,1927.0
Hafizabad,Shop Service,5122.0,13042.0
Hafizabad,Shop Production,4387.0,9492.0
Hafizabad,Factory,207.0,12896.0
Hafizabad,Semi Govt. Office,36.0,1326.0
Hafizabad,Govt. Office,126.0,1984.0
Hafizabad,Post Office,25.0,137.0
Hafizabad,Bank,121.0,1048.0
Hafizabad,Police Station,21.0,364.0
Hafizabad,Cattle Farming,25183.0,38555.0
Hafizabad,Others,1364.0,2519.0
Jhang,"Agriculture, forestry and fishing",27028.0,51058.0
Jhang,Mining and quarrying,0.0,0.0
Jhang,Manufacturing,10568.0,38230.0
Jhang,"Electricity, gas, steam and air conditioning supply",8.0,257.0
Jhang,"Water supply; sewerage, waste management and remediation activities",1455.0,2884.0
Jhang,Construction,41.0,400.0
Jhang,Wholesale and retail trade; repair of motor vehicles and motorcycles,43487.0,88908.0
Jhang,Transportation and storage,467.0,1410.0
Jhang,Accommodation and food service activities,3785.0,9349.0
Jhang,Information and communication,479.0,1394.0
Jhang,Financial and insurance activities,209.0,2261.0
Jhang,Real estate activities,431.0,982.0
Jhang,"Professional, scientific and technical activities",334.0,851.0
Jhang,Administrative and support service activities,223.0,421.0
Jhang,Public administration and defence; compulsory social security,266.0,4669.0
Jhang,Education,4295.0,61533.0
Jhang,Human health and social work activities,2038.0,7870.0
Jhang,"Arts, entertainment and recreation",242.0,373.0
Jhang,Other service activities,17525.0,34445.0
Jhang,Activities of extraterritorial organizations and bodies,0.0,0.0
Jhang,Others,729.0,1083.0
Jhang,Old homes /Orphanage,0.0,0.0
Jhang,Hostel,90.0,810.0
Jhang,Hotel,3699.0,8580.0
Jhang,Hospital,1994.0,7520.0
Jhang,Maddrasa,350.0,2999.0
Jhang,School,3344.0,52397.0
Jhang,College,195.0,4035.0
Jhang,University,1.0,82.0
Jhang,Masjid,12487.0,27501.0
Jhang,Shop Retail,37516.0,75774.0
Jhang,Shop Wholesale,2035.0,4717.0
Jhang,Shop Service,11054.0,19830.0
Jhang,Shop Production,10055.0,19746.0
Jhang,Factory,307.0,18098.0
Jhang,Semi Govt. Office,84.0,675.0
Jhang,Govt. Office,275.0,3227.0
Jhang,Post Office,62.0,249.0
Jhang,Bank,182.0,2098.0
Jhang,Police Station,39.0,694.0
Jhang,Cattle Farming,27157.0,51255.0
Jhang,Others,2684.0,8091.0
Jehlum,"Agriculture, forestry and fishing",8427.0,15543.0
Jehlum,Mining and quarrying,0.0,0.0
Jehlum,Manufacturing,5904.0,12929.0
Jehlum,"Electricity, gas, steam and air conditioning supply",3.0,22.0
Jehlum,"Water supply; sewerage, waste management and remediation activities",578.0,834.0
Jehlum,Construction,31.0,105.0
Jehlum,Wholesale and retail trade; repair of motor vehicles and motorcycles,21929.0,45047.0
Jehlum,Transportation and storage,443.0,1775.0
Jehlum,Accommodation and food service activities,2447.0,7586.0
Jehlum,Information and communication,331.0,1356.0
Jehlum,Financial and insurance activities,261.0,2222.0
Jehlum,Real estate activities,315.0,832.0
Jehlum,"Professional, scientific and technical activities",511.0,1761.0
Jehlum,Administrative and support service activities,447.0,957.0
Jehlum,Public administration and defence; compulsory social security,376.0,4178.0
Jehlum,Education,2377.0,29737.0
Jehlum,Human health and social work activities,846.0,4748.0
Jehlum,"Arts, entertainment and recreation",171.0,245.0
Jehlum,Other service activities,7819.0,15249.0
Jehlum,Activities of extraterritorial organizations and bodies,0.0,0.0
Jehlum,Others,378.0,445.0
Jehlum,Old homes /Orphanage,1.0,18.0
Jehlum,Hostel,95.0,917.0
Jehlum,Hotel,2403.0,7291.0
Jehlum,Hospital,792.0,4425.0
Jehlum,Maddrasa,176.0,981.0
Jehlum,School,1835.0,23412.0
Jehlum,College,117.0,2694.0
Jehlum,University,0.0,0.0
Jehlum,Masjid,5003.0,11172.0
Jehlum,Shop Retail,18532.0,37714.0
Jehlum,Shop Wholesale,1026.0,2490.0
Jehlum,Shop Service,7125.0,13716.0
Jehlum,Shop Production,5750.0,9956.0
Jehlum,Factory,76.0,2897.0
Jehlum,Semi Govt. Office,59.0,382.0
Jehlum,Govt. Office,306.0,5408.0
Jehlum,Post Office,104.0,554.0
Jehlum,Bank,212.0,2104.0
Jehlum,Police Station,22.0,422.0
Jehlum,Cattle Farming,8529.0,15669.0
Jehlum,Others,1431.0,3349.0
Kasur,"Agriculture, forestry and fishing",35673.0,70337.0
Kasur,Mining and quarrying,0.0,0.0
Kasur,Manufacturing,14252.0,105791.0
Kasur,"Electricity, gas, steam and air conditioning supply",19.0,524.0
Kasur,"Water supply; sewerage, waste management and remediation activities",915.0,1245.0
Kasur,Construction,39.0,317.0
Kasur,Wholesale and retail trade; repair of motor vehicles and motorcycles,57041.0,119050.0
Kasur,Transportation and storage,992.0,3303.0
Kasur,Accommodation and food service activities,4849.0,12675.0
Kasur,Information and communication,583.0,1594.0
Kasur,Financial and insurance activities,290.0,2378.0
Kasur,Real estate activities,805.0,1601.0
Kasur,"Professional, scientific and technical activities",500.0,2469.0
Kasur,Administrative and support service activities,365.0,672.0
Kasur,Public administration and defence; compulsory social security,392.0,7269.0
Kasur,Education,5199.0,74462.0
Kasur,Human health and social work activities,2118.0,8232.0
Kasur,"Arts, entertainment and recreation",426.0,678.0
Kasur,Other service activities,16001.0,38591.0
Kasur,Activities of extraterritorial organizations and bodies,0.0,0.0
Kasur,Others,1014.0,1632.0
Kasur,Old homes /Orphanage,0.0,0.0
Kasur,Hostel,57.0,584.0
Kasur,Hotel,4796.0,12166.0
Kasur,Hospital,2070.0,7935.0
Kasur,Maddrasa,533.0,4512.0
Kasur,School,3941.0,60646.0
Kasur,College,173.0,5789.0
Kasur,University,0.0,0.0
Kasur,Masjid,8923.0,28530.0
Kasur,Shop Retail,49192.0,102212.0
Kasur,Shop Wholesale,2787.0,6680.0
Kasur,Shop Service,15322.0,28034.0
Kasur,Shop Production,13176.0,31260.0
Kasur,Factory,622.0,67045.0
Kasur,Semi Govt. Office,138.0,988.0
Kasur,Govt. Office,384.0,5397.0
Kasur,Post Office,71.0,395.0
Kasur,Bank,250.0,2274.0
Kasur,Police Station,43.0,730.0
Kasur,Cattle Farming,36018.0,70776.0
Kasur,Others,2977.0,16867.0
Khanewal,"Agriculture, forestry and fishing",29087.0,50235.0
Khanewal,Mining and quarrying,0.0,0.0
Khanewal,Manufacturing,10827.0,36369.0
Khanewal,"Electricity, gas, steam and air conditioning supply",6.0,165.0
Khanewal,"Water supply; sewerage, waste management and remediation activities",1644.0,1979.0
Khanewal,Construction,17.0,91.0
Khanewal,Wholesale and retail trade; repair of motor vehicles and motorcycles,46598.0,80767.0
Khanewal,Transportation and storage,592.0,1741.0
Khanewal,Accommodation and food service activities,3725.0,9992.0
Khanewal,Information and communication,579.0,1341.0
Khanewal,Financial and insurance activities,258.0,3567.0
Khanewal,Real estate activities,690.0,2207.0
Khanewal,"Professional, scientific and technical activities",629.0,2015.0
Khanewal,Administrative and support service activities,337.0,1011.0
Khanewal,Public administration and defence; compulsory social security,343.0,6284.0
Khanewal,Education,4207.0,46584.0
Khanewal,Human health and social work activities,1744.0,6661.0
Khanewal,"Arts, entertainment and recreation",237.0,337.0
Khanewal,Other service activities,15547.0,35396.0
Khanewal,Activities of extraterritorial organizations and bodies,0.0,0.0
Khanewal,Others,645.0,1412.0
Khanewal,Old homes /Orphanage,1.0,21.0
Khanewal,Hostel,53.0,471.0
Khanewal,Hotel,3682.0,9775.0
Khanewal,Hospital,1698.0,6427.0
Khanewal,Maddrasa,553.0,4172.0
Khanewal,School,3021.0,36392.0
Khanewal,College,152.0,3343.0
Khanewal,University,1.0,57.0
Khanewal,Masjid,9716.0,19942.0
Khanewal,Shop Retail,39772.0,66293.0
Khanewal,Shop Wholesale,2100.0,4857.0
Khanewal,Shop Service,13504.0,33164.0
Khanewal,Shop Production,10515.0,20281.0
Khanewal,Factory,187.0,15635.0
Khanewal,Semi Govt. Office,85.0,533.0
Khanewal,Govt. Office,323.0,4351.0
Khanewal,Post Office,51.0,228.0
Khanewal,Bank,231.0,3426.0
Khanewal,Police Station,35.0,679.0
Khanewal,Cattle Farming,29316.0,50560.0
Khanewal,Others,2716.0,7547.0
Khushab,"Agriculture, forestry and fishing",5027.0,9426.0
Khushab,Mining and quarrying,0.0,0.0
Khushab,Manufacturing,5559.0,15649.0
Khushab,"Electricity, gas, steam and air conditioning supply",1.0,1.0
Khushab,"Water supply; sewerage, waste management and remediation activities",621.0,1050.0
Khushab,Construction,27.0,131.0
Khushab,Wholesale and retail trade; repair of motor vehicles and motorcycles,20921.0,36322.0
Khushab,Transportation and storage,399.0,1014.0
Khushab,Accommodation and food service activities,1550.0,3921.0
Khushab,Information and communication,242.0,630.0
Khushab,Financial and insurance activities,125.0,980.0
Khushab,Real estate activities,215.0,502.0
Khushab,"Professional, scientific and technical activities",306.0,1338.0
Khushab,Administrative and support service activities,118.0,575.0
Khushab,Public administration and defence; compulsory social security,190.0,3033.0
Khushab,Education,2297.0,23038.0
Khushab,Human health and social work activities,753.0,4132.0
Khushab,"Arts, entertainment and recreation",73.0,133.0
Khushab,Other service activities,7052.0,11929.0
Khushab,Activities of extraterritorial organizations and bodies,0.0,0.0
Khushab,Others,192.0,279.0
Khushab,Old homes /Orphanage,0.0,0.0
Khushab,Hostel,52.0,340.0
Khushab,Hotel,1502.0,3623.0
Khushab,Hospital,707.0,3799.0
Khushab,Maddrasa,210.0,1183.0
Khushab,School,1805.0,19186.0
Khushab,College,89.0,1685.0
Khushab,University,2.0,115.0
Khushab,Masjid,4577.0,8612.0
Khushab,Shop Retail,17643.0,27141.0
Khushab,Shop Wholesale,986.0,5176.0
Khushab,Shop Service,5991.0,10547.0
Khushab,Shop Production,5290.0,9242.0
Khushab,Factory,111.0,6318.0
Khushab,Semi Govt. Office,76.0,489.0
Khushab,Govt. Office,224.0,2600.0
Khushab,Post Office,63.0,221.0
Khushab,Bank,114.0,941.0
Khushab,Police Station,15.0,326.0
Khushab,Cattle Farming,5065.0,9487.0
Khushab,Others,1146.0,3052.0
Lahore,"Agriculture, forestry and fishing",13780.0,29161.0
Lahore,Mining and quarrying,12.0,63.0
Lahore,Manufacturing,46703.0,296298.0
Lahore,"Electricity, gas, steam and air conditioning supply",52.0,2432.0
Lahore,"Water supply; sewerage, waste management and remediation activities",1331.0,5442.0
Lahore,Construction,350.0,3130.0
Lahore,Wholesale and retail trade; repair of motor vehicles and motorcycles,244481.0,748260.0
Lahore,Transportation and storage,8932.0,50498.0
Lahore,Accommodation and food service activities,21060.0,123156.0
Lahore,Information and communication,3440.0,52376.0
Lahore,Financial and insurance activities,1963.0,36480.0
Lahore,Real estate activities,8915.0,31486.0
Lahore,"Professional, scientific and technical activities",2532.0,9607.0
Lahore,Administrative and support service activities,2453.0,22429.0
Lahore,Public administration and defence; compulsory social security,2294.0,133037.0
Lahore,Education,12015.0,234912.0
Lahore,Human health and social work activities,7609.0,81873.0
Lahore,"Arts, entertainment and recreation",2020.0,12789.0
Lahore,Other service activities,46640.0,104357.0
Lahore,Activities of extraterritorial organizations and bodies,2.0,56.0
Lahore,Others,3307.0,37066.0
Lahore,Old homes /Orphanage,18.0,371.0
Lahore,Hostel,2114.0,34963.0
Lahore,Hotel,19057.0,91358.0
Lahore,Hospital,7311.0,77955.0
Lahore,Maddrasa,1270.0,12960.0
Lahore,School,9295.0,178317.0
Lahore,College,693.0,29863.0
Lahore,University,21.0,5958.0
Lahore,Masjid,9833.0,42923.0
Lahore,Shop Retail,211783.0,659466.0
Lahore,Shop Wholesale,18971.0,53007.0
Lahore,Shop Service,70294.0,193638.0
Lahore,Shop Production,42765.0,127977.0
Lahore,Factory,2269.0,147316.0
Lahore,Semi Govt. Office,1948.0,44628.0
Lahore,Govt. Office,1864.0,125279.0
Lahore,Post Office,335.0,4081.0
Lahore,Bank,1837.0,35173.0
Lahore,Police Station,121.0,7405.0
Lahore,Cattle Farming,14118.0,29819.0
Lahore,Others,13974.0,112451.0
Layyah,"Agriculture, forestry and fishing",11226.0,21354.0
Layyah,Mining and quarrying,0.0,0.0
Layyah,Manufacturing,8062.0,24582.0
Layyah,"Electricity, gas, steam and air conditioning supply",0.0,0.0
Layyah,"Water supply; sewerage, waste management and remediation activities",352.0,529.0
Layyah,Construction,26.0,143.0
Layyah,Wholesale and retail trade; repair of motor vehicles and motorcycles,32643.0,55104.0
Layyah,Transportation and storage,314.0,741.0
Layyah,Accommodation and food service activities,1990.0,6395.0
Layyah,Information and communication,279.0,739.0
Layyah,Financial and insurance activities,147.0,1599.0
Layyah,Real estate activities,414.0,892.0
Layyah,"Professional, scientific and technical activities",448.0,1488.0
Layyah,Administrative and support service activities,232.0,773.0
Layyah,Public administration and defence; compulsory social security,200.0,3797.0
Layyah,Education,3268.0,33093.0
Layyah,Human health and social work activities,1036.0,5882.0
Layyah,"Arts, entertainment and recreation",66.0,151.0
Layyah,Other service activities,11161.0,20111.0
Layyah,Activities of extraterritorial organizations and bodies,0.0,0.0
Layyah,Others,363.0,485.0
Layyah,Old homes /Orphanage,1.0,7.0
Layyah,Hostel,115.0,1734.0
Layyah,Hotel,1878.0,4736.0
Layyah,Hospital,1008.0,5655.0
Layyah,Maddrasa,186.0,1862.0
Layyah,School,2675.0,26778.0
Layyah,College,102.0,2401.0
Layyah,University,1.0,12.0
Layyah,Masjid,7357.0,15116.0
Layyah,Shop Retail,27304.0,44742.0
Layyah,Shop Wholesale,1991.0,3923.0
Layyah,Shop Service,8870.0,16543.0
Layyah,Shop Production,7836.0,15350.0
Layyah,Factory,172.0,8721.0
Layyah,Semi Govt. Office,44.0,226.0
Layyah,Govt. Office,230.0,2745.0
Layyah,Post Office,31.0,136.0
Layyah,Bank,130.0,1537.0
Layyah,Police Station,24.0,450.0
Layyah,Cattle Farming,11303.0,21456.0
Layyah,Others,969.0,3728.0
Lodhran,"Agriculture, forestry and fishing",17836.0,29229.0
Lodhran,Mining and quarrying,0.0,0.0
Lodhran,Manufacturing,7159.0,20236.0
Lodhran,"Electricity, gas, steam and air conditioning supply",0.0,0.0
Lodhran,"Water supply; sewerage, waste management and remediation activities",2923.0,3178.0
Lodhran,Construction,16.0,84.0
Lodhran,Wholesale and retail trade; repair of motor vehicles and motorcycles,28715.0,47492.0
Lodhran,Transportation and storage,441.0,867.0
Lodhran,Accommodation and food service activities,2416.0,5946.0
Lodhran,Information and communication,310.0,857.0
Lodhran,Financial and insurance activities,130.0,1275.0
Lodhran,Real estate activities,284.0,700.0
Lodhran,"Professional, scientific and technical activities",350.0,1205.0
Lodhran,Administrative and support service activities,225.0,452.0
Lodhran,Public administration and defence; compulsory social security,166.0,2907.0
Lodhran,Education,2762.0,41804.0
Lodhran,Human health and social work activities,988.0,3884.0
Lodhran,"Arts, entertainment and recreation",116.0,194.0
Lodhran,Other service activities,13273.0,31744.0
Lodhran,Activities of extraterritorial organizations and bodies,0.0,0.0
Lodhran,Others,485.0,603.0
Lodhran,Old homes /Orphanage,0.0,0.0
Lodhran,Hostel,44.0,125.0
Lodhran,Hotel,2375.0,5830.0
Lodhran,Hospital,959.0,3619.0
Lodhran,Maddrasa,362.0,3279.0
Lodhran,School,1813.0,32347.0
Lodhran,College,101.0,1672.0
Lodhran,University,0.0,0.0
Lodhran,Masjid,9795.0,28590.0
Lodhran,Shop Retail,24640.0,39209.0
Lodhran,Shop Wholesale,1182.0,2602.0
Lodhran,Shop Service,8182.0,14395.0
Lodhran,Shop Production,6821.0,13459.0
Lodhran,Factory,131.0,6488.0
Lodhran,Semi Govt. Office,53.0,399.0
Lodhran,Govt. Office,189.0,2633.0
Lodhran,Post Office,24.0,100.0
Lodhran,Bank,115.0,1232.0
Lodhran,Police Station,11.0,325.0
Lodhran,Cattle Farming,17993.0,29418.0
Lodhran,Others,3805.0,6935.0
M.B Din,"Agriculture, forestry and fishing",28136.0,44718.0
M.B Din,Mining and quarrying,0.0,0.0
M.B Din,Manufacturing,7407.0,22618.0
M.B Din,"Electricity, gas, steam and air conditioning supply",3.0,142.0
M.B Din,"Water supply; sewerage, waste management and remediation activities",257.0,391.0
M.B Din,Construction,50.0,210.0
M.B Din,Wholesale and retail trade; repair of motor vehicles and motorcycles,26190.0,46240.0
M.B Din,Transportation and storage,487.0,1384.0
M.B Din,Accommodation and food service activities,2206.0,6323.0
M.B Din,Information and communication,290.0,1006.0
M.B Din,Financial and insurance activities,221.0,2899.0
M.B Din,Real estate activities,387.0,931.0
M.B Din,"Professional, scientific and technical activities",364.0,1537.0
M.B Din,Administrative and support service activities,297.0,784.0
M.B Din,Public administration and defence; compulsory social security,185.0,2608.0
M.B Din,Education,2710.0,28703.0
M.B Din,Human health and social work activities,811.0,3800.0
M.B Din,"Arts, entertainment and recreation",116.0,304.0
M.B Din,Other service activities,9479.0,16072.0
M.B Din,Activities of extraterritorial organizations and bodies,0.0,0.0
M.B Din,Others,427.0,1058.0
M.B Din,Old homes /Orphanage,1.0,14.0
M.B Din,Hostel,44.0,235.0
M.B Din,Hotel,2164.0,6095.0
M.B Din,Hospital,760.0,3647.0
M.B Din,Maddrasa,226.0,1315.0
M.B Din,School,2029.0,23594.0
M.B Din,College,101.0,2177.0
M.B Din,University,1.0,70.0
M.B Din,Masjid,6101.0,11796.0
M.B Din,Shop Retail,22357.0,38813.0
M.B Din,Shop Wholesale,1307.0,2985.0
M.B Din,Shop Service,7753.0,13906.0
M.B Din,Shop Production,7051.0,14485.0
M.B Din,Factory,181.0,7984.0
M.B Din,Semi Govt. Office,72.0,472.0
M.B Din,Govt. Office,208.0,2314.0
M.B Din,Post Office,47.0,143.0
M.B Din,Bank,162.0,2685.0
M.B Din,Police Station,26.0,525.0
M.B Din,Cattle Farming,28218.0,45034.0
M.B Din,Others,1214.0,3439.0
Mianwali,"Agriculture, forestry and fishing",1856.0,4990.0
Mianwali,Mining and quarrying,0.0,0.0
Mianwali,Manufacturing,5778.0,14556.0
Mianwali,"Electricity, gas, steam and air conditioning supply",6.0,532.0
Mianwali,"Water supply; sewerage, waste management and remediation activities",515.0,915.0
Mianwali,Construction,31.0,286.0
Mianwali,Wholesale and retail trade; repair of motor vehicles and motorcycles,24857.0,43600.0
Mianwali,Transportation and storage,416.0,1000.0
Mianwali,Accommodation and food service activities,1861.0,6502.0
Mianwali,Information and communication,266.0,773.0
Mianwali,Financial and insurance activities,136.0,1150.0
Mianwali,Real estate activities,227.0,418.0
Mianwali,"Professional, scientific and technical activities",293.0,1080.0
Mianwali,Administrative and support service activities,280.0,727.0
Mianwali,Public administration and defence; compulsory social security,270.0,4441.0
Mianwali,Education,2684.0,41297.0
Mianwali,Human health and social work activities,707.0,6033.0
Mianwali,"Arts, entertainment and recreation",58.0,267.0
Mianwali,Other service activities,7817.0,13827.0
Mianwali,Activities of extraterritorial organizations and bodies,0.0,0.0
Mianwali,Others,169.0,244.0
Mianwali,Old homes /Orphanage,1.0,22.0
Mianwali,Hostel,110.0,1977.0
Mianwali,Hotel,1769.0,4751.0
Mianwali,Hospital,673.0,5864.0
Mianwali,Maddrasa,157.0,1432.0
Mianwali,School,2182.0,32697.0
Mianwali,College,117.0,3374.0
Mianwali,University,2.0,705.0
Mianwali,Masjid,5244.0,10219.0
Mianwali,Shop Retail,20974.0,36223.0
Mianwali,Shop Wholesale,1361.0,2754.0
Mianwali,Shop Service,6467.0,11279.0
Mianwali,Shop Production,5581.0,10106.0
Mianwali,Factory,69.0,4349.0
Mianwali,Semi Govt. Office,51.0,514.0
Mianwali,Govt. Office,304.0,5666.0
Mianwali,Post Office,62.0,286.0
Mianwali,Bank,111.0,1067.0
Mianwali,Police Station,36.0,691.0
Mianwali,Cattle Farming,1871.0,5027.0
Mianwali,Others,1085.0,3635.0
Multan,"Agriculture, forestry and fishing",23334.0,51270.0
Multan,Mining and quarrying,0.0,0.0
Multan,Manufacturing,24230.0,108583.0
Multan,"Electricity, gas, steam and air conditioning supply",14.0,118.0
Multan,"Water supply; sewerage, waste management and remediation activities",2938.0,6501.0
Multan,Construction,108.0,1189.0
Multan,Wholesale and retail trade; repair of motor vehicles and motorcycles,90789.0,208084.0
Multan,Transportation and storage,2672.0,13913.0
Multan,Accommodation and food service activities,9592.0,46537.0
Multan,Information and communication,1166.0,6914.0
Multan,Financial and insurance activities,609.0,9088.0
Multan,Real estate activities,2025.0,5979.0
Multan,"Professional, scientific and technical activities",754.0,3607.0
Multan,Administrative and support service activities,996.0,3098.0
Multan,Public administration and defence; compulsory social security,564.0,15858.0
Multan,Education,6837.0,102005.0
Multan,Human health and social work activities,3581.0,23465.0
Multan,"Arts, entertainment and recreation",702.0,1678.0
Multan,Other service activities,27770.0,52867.0
Multan,Activities of extraterritorial organizations and bodies,0.0,0.0
Multan,Others,1152.0,2129.0
Multan,Old homes /Orphanage,6.0,129.0
Multan,Hostel,708.0,6702.0
Multan,Hotel,8933.0,41646.0
Multan,Hospital,3509.0,22910.0
Multan,Maddrasa,692.0,5167.0
Multan,School,4568.0,76143.0
Multan,College,300.0,9775.0
Multan,University,9.0,1031.0
Multan,Masjid,17244.0,37719.0
Multan,Shop Retail,77890.0,176295.0
Multan,Shop Wholesale,4925.0,13061.0
Multan,Shop Service,25770.0,54903.0
Multan,Shop Production,22941.0,55225.0
Multan,Factory,632.0,50753.0
Multan,Semi Govt. Office,212.0,3797.0
Multan,Govt. Office,546.0,16194.0
Multan,Post Office,139.0,1076.0
Multan,Bank,525.0,8305.0
Multan,Police Station,37.0,1157.0
Multan,Cattle Farming,23570.0,51673.0
Multan,Others,6677.0,29222.0
Muzaffargarh,"Agriculture, forestry and fishing",17543.0,37152.0
Muzaffargarh,Mining and quarrying,0.0,0.0
Muzaffargarh,Manufacturing,14815.0,69359.0
Muzaffargarh,"Electricity, gas, steam and air conditioning supply",7.0,474.0
Muzaffargarh,"Water supply; sewerage, waste management and remediation activities",881.0,1970.0
Muzaffargarh,Construction,28.0,285.0
Muzaffargarh,Wholesale and retail trade; repair of motor vehicles and motorcycles,62367.0,102544.0
Muzaffargarh,Transportation and storage,599.0,4095.0
Muzaffargarh,Accommodation and food service activities,5193.0,11776.0
Muzaffargarh,Information and communication,655.0,1436.0
Muzaffargarh,Financial and insurance activities,260.0,2718.0
Muzaffargarh,Real estate activities,378.0,1201.0
Muzaffargarh,"Professional, scientific and technical activities",626.0,2541.0
Muzaffargarh,Administrative and support service activities,399.0,1309.0
Muzaffargarh,Public administration and defence; compulsory social security,322.0,5398.0
Muzaffargarh,Education,5997.0,110295.0
Muzaffargarh,Human health and social work activities,2218.0,10197.0
Muzaffargarh,"Arts, entertainment and recreation",180.0,307.0
Muzaffargarh,Other service activities,26154.0,59644.0
Muzaffargarh,Activities of extraterritorial organizations and bodies,0.0,0.0
Muzaffargarh,Others,1120.0,1585.0
Muzaffargarh,Old homes /Orphanage,1.0,4.0
Muzaffargarh,Hostel,84.0,385.0
Muzaffargarh,Hotel,5116.0,11442.0
Muzaffargarh,Hospital,2161.0,9750.0
Muzaffargarh,Maddrasa,422.0,3540.0
Muzaffargarh,School,4596.0,92959.0
Muzaffargarh,College,211.0,8282.0
Muzaffargarh,University,0.0,0.0
Muzaffargarh,Masjid,19504.0,51886.0
Muzaffargarh,Shop Retail,53803.0,84585.0
Muzaffargarh,Shop Wholesale,2535.0,5231.0
Muzaffargarh,Shop Service,15904.0,31209.0
Muzaffargarh,Shop Production,14189.0,29739.0
Muzaffargarh,Factory,283.0,38705.0
Muzaffargarh,Semi Govt. Office,110.0,1151.0
Muzaffargarh,Govt. Office,332.0,4672.0
Muzaffargarh,Post Office,60.0,238.0
Muzaffargarh,Bank,236.0,2615.0
Muzaffargarh,Police Station,44.0,771.0
Muzaffargarh,Cattle Farming,17747.0,37471.0
Muzaffargarh,Others,2404.0,9651.0
Nankana Sahib,"Agriculture, forestry and fishing",23205.0,35375.0
Nankana Sahib,Mining and quarrying,0.0,0.0
Nankana Sahib,Manufacturing,5211.0,22995.0
Nankana Sahib,"Electricity, gas, steam and air conditioning supply",1.0,2.0
Nankana Sahib,"Water supply; sewerage, waste management and remediation activities",411.0,550.0
Nankana Sahib,Construction,7.0,35.0
Nankana Sahib,Wholesale and retail trade; repair of motor vehicles and motorcycles,21891.0,38089.0
Nankana Sahib,Transportation and storage,551.0,1175.0
Nankana Sahib,Accommodation and food service activities,1750.0,14004.0
Nankana Sahib,Information and communication,235.0,534.0
Nankana Sahib,Financial and insurance activities,166.0,1457.0
Nankana Sahib,Real estate activities,423.0,1055.0
Nankana Sahib,"Professional, scientific and technical activities",360.0,1219.0
Nankana Sahib,Administrative and support service activities,158.0,381.0
Nankana Sahib,Public administration and defence; compulsory social security,207.0,4244.0
Nankana Sahib,Education,2203.0,36634.0
Nankana Sahib,Human health and social work activities,788.0,3268.0
Nankana Sahib,"Arts, entertainment and recreation",170.0,279.0
Nankana Sahib,Other service activities,6874.0,14788.0
Nankana Sahib,Activities of extraterritorial organizations and bodies,0.0,0.0
Nankana Sahib,Others,424.0,488.0
Nankana Sahib,Old homes /Orphanage,0.0,0.0
Nankana Sahib,Hostel,24.0,246.0
Nankana Sahib,Hotel,1731.0,13784.0
Nankana Sahib,Hospital,754.0,2959.0
Nankana Sahib,Maddrasa,242.0,2730.0
Nankana Sahib,School,1688.0,30482.0
Nankana Sahib,College,91.0,2097.0
Nankana Sahib,University,1.0,40.0
Nankana Sahib,Masjid,3989.0,10821.0
Nankana Sahib,Shop Retail,18525.0,31492.0
Nankana Sahib,Shop Wholesale,1585.0,3278.0
Nankana Sahib,Shop Service,6194.0,11044.0
Nankana Sahib,Shop Production,4989.0,10647.0
Nankana Sahib,Factory,154.0,12268.0
Nankana Sahib,Semi Govt. Office,40.0,249.0
Nankana Sahib,Govt. Office,204.0,3274.0
Nankana Sahib,Post Office,31.0,114.0
Nankana Sahib,Bank,148.0,1447.0
Nankana Sahib,Police Station,21.0,454.0
Nankana Sahib,Cattle Farming,23250.0,35421.0
Nankana Sahib,Others,1374.0,3725.0
Narowal,"Agriculture, forestry and fishing",31515.0,39755.0
Narowal,Mining and quarrying,0.0,0.0
Narowal,Manufacturing,4590.0,12691.0
Narowal,"Electricity, gas, steam and air conditioning supply",0.0,0.0
Narowal,"Water supply; sewerage, waste management and remediation activities",285.0,365.0
Narowal,Construction,13.0,37.0
Narowal,Wholesale and retail trade; repair of motor vehicles and motorcycles,24024.0,42894.0
Narowal,Transportation and storage,343.0,1337.0
Narowal,Accommodation and food service activities,1743.0,4714.0
Narowal,Information and communication,199.0,504.0
Narowal,Financial and insurance activities,142.0,1259.0
Narowal,Real estate activities,127.0,343.0
Narowal,"Professional, scientific and technical activities",298.0,1265.0
Narowal,Administrative and support service activities,229.0,637.0
Narowal,Public administration and defence; compulsory social security,204.0,3091.0
Narowal,Education,3216.0,60586.0
Narowal,Human health and social work activities,877.0,4586.0
Narowal,"Arts, entertainment and recreation",102.0,150.0
Narowal,Other service activities,7615.0,21749.0
Narowal,Activities of extraterritorial organizations and bodies,0.0,0.0
Narowal,Others,625.0,929.0
Narowal,Old homes /Orphanage,4.0,46.0
Narowal,Hostel,31.0,190.0
Narowal,Hotel,1715.0,4550.0
Narowal,Hospital,850.0,4400.0
Narowal,Maddrasa,264.0,1960.0
Narowal,School,2539.0,52644.0
Narowal,College,118.0,3520.0
Narowal,University,1.0,300.0
Narowal,Masjid,4949.0,18121.0
Narowal,Shop Retail,20885.0,32084.0
Narowal,Shop Wholesale,1212.0,2518.0
Narowal,Shop Service,5870.0,15217.0
Narowal,Shop Production,4372.0,8489.0
Narowal,Factory,106.0,4164.0
Narowal,Semi Govt. Office,31.0,161.0
Narowal,Govt. Office,219.0,3165.0
Narowal,Post Office,43.0,226.0
Narowal,Bank,119.0,1162.0
Narowal,Police Station,17.0,377.0
Narowal,Cattle Farming,31647.0,39916.0
Narowal,Others,1155.0,3682.0
Okara,"Agriculture, forestry and fishing",34474.0,64044.0
Okara,Mining and quarrying,0.0,0.0
Okara,Manufacturing,10682.0,33949.0
Okara,"Electricity, gas, steam and air conditioning supply",6.0,36.0
Okara,"Water supply; sewerage, waste management and remediation activities",1027.0,1921.0
Okara,Construction,17.0,58.0
Okara,Wholesale and retail trade; repair of motor vehicles and motorcycles,48146.0,91031.0
Okara,Transportation and storage,654.0,2617.0
Okara,Accommodation and food service activities,3441.0,9631.0
Okara,Information and communication,546.0,2060.0
Okara,Financial and insurance activities,281.0,3084.0
Okara,Real estate activities,1031.0,2361.0
Okara,"Professional, scientific and technical activities",566.0,3163.0
Okara,Administrative and support service activities,343.0,723.0
Okara,Public administration and defence; compulsory social security,380.0,6878.0
Okara,Education,4044.0,63203.0
Okara,Human health and social work activities,1932.0,8213.0
Okara,"Arts, entertainment and recreation",379.0,556.0
Okara,Other service activities,15255.0,36188.0
Okara,Activities of extraterritorial organizations and bodies,0.0,0.0
Okara,Others,758.0,937.0
Okara,Old homes /Orphanage,2.0,16.0
Okara,Hostel,62.0,611.0
Okara,Hotel,3386.0,9253.0
Okara,Hospital,1874.0,7755.0
Okara,Maddrasa,269.0,2899.0
Okara,School,3194.0,53303.0
Okara,College,118.0,3428.0
Okara,University,2.0,586.0
Okara,Masjid,9293.0,21372.0
Okara,Shop Retail,40231.0,75425.0
Okara,Shop Wholesale,2968.0,6084.0
Okara,Shop Service,14015.0,33449.0
Okara,Shop Production,10243.0,20389.0
Okara,Factory,227.0,12381.0
Okara,Semi Govt. Office,84.0,315.0
Okara,Govt. Office,358.0,5749.0
Okara,Post Office,55.0,257.0
Okara,Bank,256.0,3063.0
Okara,Police Station,40.0,962.0
Okara,Cattle Farming,34666.0,64340.0
Okara,Others,2619.0,9016.0
Pakpattan,"Agriculture, forestry and fishing",19979.0,32841.0
Pakpattan,Mining and quarrying,0.0,0.0
Pakpattan,Manufacturing,6136.0,19155.0
Pakpattan,"Electricity, gas, steam and air conditioning supply",5.0,58.0
Pakpattan,"Water supply; sewerage, waste management and remediation activities",1417.0,1600.0
Pakpattan,Construction,9.0,37.0
Pakpattan,Wholesale and retail trade; repair of motor vehicles and motorcycles,27958.0,47497.0
Pakpattan,Transportation and storage,299.0,1292.0
Pakpattan,Accommodation and food service activities,1909.0,4888.0
Pakpattan,Information and communication,324.0,660.0
Pakpattan,Financial and insurance activities,138.0,1367.0
Pakpattan,Real estate activities,421.0,1234.0
Pakpattan,"Professional, scientific and technical activities",322.0,1257.0
Pakpattan,Administrative and support service activities,175.0,387.0
Pakpattan,Public administration and defence; compulsory social security,186.0,3012.0
Pakpattan,Education,2530.0,32644.0
Pakpattan,Human health and social work activities,904.0,4232.0
Pakpattan,"Arts, entertainment and recreation",150.0,260.0
Pakpattan,Other service activities,8926.0,17972.0
Pakpattan,Activities of extraterritorial organizations and bodies,0.0,0.0
Pakpattan,Others,487.0,559.0
Pakpattan,Old homes /Orphanage,1.0,37.0
Pakpattan,Hostel,16.0,125.0
Pakpattan,Hotel,1894.0,4831.0
Pakpattan,Hospital,876.0,4027.0
Pakpattan,Maddrasa,248.0,1948.0
Pakpattan,School,1926.0,27316.0
Pakpattan,College,65.0,1610.0
Pakpattan,University,0.0,0.0
Pakpattan,Masjid,5414.0,13402.0
Pakpattan,Shop Retail,23513.0,38688.0
Pakpattan,Shop Wholesale,1501.0,3364.0
Pakpattan,Shop Service,8067.0,14203.0
Pakpattan,Shop Production,5814.0,11190.0
Pakpattan,Factory,192.0,7512.0
Pakpattan,Semi Govt. Office,45.0,199.0
Pakpattan,Govt. Office,204.0,3068.0
Pakpattan,Post Office,25.0,133.0
Pakpattan,Bank,129.0,1352.0
Pakpattan,Police Station,25.0,590.0
Pakpattan,Cattle Farming,20178.0,33111.0
Pakpattan,Others,2142.0,4246.0
Rahim Yar Khan,"Agriculture, forestry and fishing",16554.0,42879.0
Rahim Yar Khan,Mining and quarrying,0.0,0.0
Rahim Yar Khan,Manufacturing,15950.0,57540.0
Rahim Yar Khan,"Electricity, gas, steam and air conditioning supply",0.0,0.0
Rahim Yar Khan,"Water supply; sewerage, waste management and remediation activities",1910.0,2668.0
Rahim Yar Khan,Construction,52.0,234.0
Rahim Yar Khan,Wholesale and retail trade; repair of motor vehicles and motorcycles,74094.0,162789.0
Rahim Yar Khan,Transportation and storage,698.0,3163.0
Rahim Yar Khan,Accommodation and food service activities,5513.0,17105.0
Rahim Yar Khan,Information and communication,975.0,3384.0
Rahim Yar Khan,Financial and insurance activities,421.0,5630.0
Rahim Yar Khan,Real estate activities,812.0,1831.0
Rahim Yar Khan,"Professional, scientific and technical activities",801.0,2438.0
Rahim Yar Khan,Administrative and support service activities,406.0,1419.0
Rahim Yar Khan,Public administration and defence; compulsory social security,428.0,6880.0
Rahim Yar Khan,Education,6551.0,127214.0
Rahim Yar Khan,Human health and social work activities,2510.0,15472.0
Rahim Yar Khan,"Arts, entertainment and recreation",431.0,798.0
Rahim Yar Khan,Other service activities,26397.0,60771.0
Rahim Yar Khan,Activities of extraterritorial organizations and bodies,0.0,0.0
Rahim Yar Khan,Others,851.0,8620.0
Rahim Yar Khan,Old homes /Orphanage,1.0,32.0
Rahim Yar Khan,Hostel,210.0,2552.0
Rahim Yar Khan,Hotel,5320.0,14726.0
Rahim Yar Khan,Hospital,2441.0,14825.0
Rahim Yar Khan,Maddrasa,497.0,5140.0
Rahim Yar Khan,School,5060.0,108479.0
Rahim Yar Khan,College,216.0,7248.0
Rahim Yar Khan,University,1.0,435.0
Rahim Yar Khan,Masjid,18647.0,49699.0
Rahim Yar Khan,Shop Retail,61927.0,133889.0
Rahim Yar Khan,Shop Wholesale,3575.0,8660.0
Rahim Yar Khan,Shop Service,20576.0,43295.0
Rahim Yar Khan,Shop Production,14988.0,33269.0
Rahim Yar Khan,Factory,385.0,22199.0
Rahim Yar Khan,Semi Govt. Office,165.0,933.0
Rahim Yar Khan,Govt. Office,483.0,6109.0
Rahim Yar Khan,Post Office,115.0,799.0
Rahim Yar Khan,Bank,372.0,5368.0
Rahim Yar Khan,Police Station,57.0,1357.0
Rahim Yar Khan,Cattle Farming,16677.0,43080.0
Rahim Yar Khan,Others,3641.0,18741.0
Rajanpur,"Agriculture, forestry and fishing",3308.0,7203.0
Rajanpur,Mining and quarrying,0.0,0.0
Rajanpur,Manufacturing,5295.0,16754.0
Rajanpur,"Electricity, gas, steam and air conditioning supply",0.0,0.0
Rajanpur,"Water supply; sewerage, waste management and remediation activities",270.0,737.0
Rajanpur,Construction,6.0,71.0
Rajanpur,Wholesale and retail trade; repair of motor vehicles and motorcycles,26634.0,45625.0
Rajanpur,Transportation and storage,285.0,865.0
Rajanpur,Accommodation and food service activities,2050.0,5219.0
Rajanpur,Information and communication,351.0,1048.0
Rajanpur,Financial and insurance activities,116.0,1256.0
Rajanpur,Real estate activities,149.0,385.0
Rajanpur,"Professional, scientific and technical activities",322.0,1119.0
Rajanpur,Administrative and support service activities,207.0,432.0
Rajanpur,Public administration and defence; compulsory social security,189.0,2849.0
Rajanpur,Education,2300.0,31561.0
Rajanpur,Human health and social work activities,893.0,4435.0
Rajanpur,"Arts, entertainment and recreation",149.0,227.0
Rajanpur,Other service activities,9424.0,21753.0
Rajanpur,Activities of extraterritorial organizations and bodies,0.0,0.0
Rajanpur,Others,325.0,315.0
Rajanpur,Old homes /Orphanage,0.0,0.0
Rajanpur,Hostel,36.0,145.0
Rajanpur,Hotel,2018.0,5134.0
Rajanpur,Hospital,856.0,4135.0
Rajanpur,Maddrasa,90.0,758.0
Rajanpur,School,1918.0,27913.0
Rajanpur,College,63.0,1019.0
Rajanpur,University,0.0,0.0
Rajanpur,Masjid,7354.0,19112.0
Rajanpur,Shop Retail,22893.0,36654.0
Rajanpur,Shop Wholesale,1333.0,3253.0
Rajanpur,Shop Service,5738.0,12151.0
Rajanpur,Shop Production,5063.0,11433.0
Rajanpur,Factory,95.0,5009.0
Rajanpur,Semi Govt. Office,57.0,493.0
Rajanpur,Govt. Office,178.0,2799.0
Rajanpur,Post Office,26.0,99.0
Rajanpur,Bank,106.0,1119.0
Rajanpur,Police Station,45.0,786.0
Rajanpur,Cattle Farming,3331.0,7241.0
Rajanpur,Others,1073.0,2601.0
Rawalpindi,"Agriculture, forestry and fishing",12228.0,36970.0
Rawalpindi,Mining and quarrying,0.0,0.0
Rawalpindi,Manufacturing,19198.0,53632.0
Rawalpindi,"Electricity, gas, steam and air conditioning supply",14.0,290.0
Rawalpindi,"Water supply; sewerage, waste management and remediation activities",584.0,3882.0
Rawalpindi,Construction,242.0,1472.0
Rawalpindi,Wholesale and retail trade; repair of motor vehicles and motorcycles,81825.0,208836.0
Rawalpindi,Transportation and storage,3302.0,14624.0
Rawalpindi,Accommodation and food service activities,10788.0,50626.0
Rawalpindi,Information and communication,1428.0,10580.0
Rawalpindi,Financial and insurance activities,885.0,10452.0
Rawalpindi,Real estate activities,2742.0,7454.0
Rawalpindi,"Professional, scientific and technical activities",1000.0,3840.0
Rawalpindi,Administrative and support service activities,1318.0,13423.0
Rawalpindi,Public administration and defence; compulsory social security,945.0,24406.0
Rawalpindi,Education,8955.0,137802.0
Rawalpindi,Human health and social work activities,3450.0,31538.0
Rawalpindi,"Arts, entertainment and recreation",587.0,1702.0
Rawalpindi,Other service activities,20352.0,51059.0
Rawalpindi,Activities of extraterritorial organizations and bodies,0.0,0.0
Rawalpindi,Others,994.0,1603.0
Rawalpindi,Old homes /Orphanage,4.0,106.0
Rawalpindi,Hostel,867.0,12772.0
Rawalpindi,Hotel,9986.0,39513.0
Rawalpindi,Hospital,3326.0,30731.0
Rawalpindi,Maddrasa,696.0,6009.0
Rawalpindi,School,6471.0,94610.0
Rawalpindi,College,531.0,22060.0
Rawalpindi,University,9.0,1568.0
Rawalpindi,Masjid,11644.0,33301.0
Rawalpindi,Shop Retail,68653.0,171557.0
Rawalpindi,Shop Wholesale,5433.0,14707.0
Rawalpindi,Shop Service,24647.0,73477.0
Rawalpindi,Shop Production,18222.0,40058.0
Rawalpindi,Factory,322.0,13014.0
Rawalpindi,Semi Govt. Office,251.0,4164.0
Rawalpindi,Govt. Office,935.0,28005.0
Rawalpindi,Post Office,302.0,3725.0
Rawalpindi,Bank,749.0,9064.0
Rawalpindi,Police Station,58.0,2020.0
Rawalpindi,Cattle Farming,12456.0,37370.0
Rawalpindi,Others,5275.0,26360.0
Sahiwal,"Agriculture, forestry and fishing",29601.0,49005.0
Sahiwal,Mining and quarrying,0.0,0.0
Sahiwal,Manufacturing,8360.0,30022.0
Sahiwal,"Electricity, gas, steam and air conditioning supply",3.0,1900.0
Sahiwal,"Water supply; sewerage, waste management and remediation activities",1130.0,2127.0
Sahiwal,Construction,16.0,67.0
Sahiwal,Wholesale and retail trade; repair of motor vehicles and motorcycles,36534.0,80930.0
Sahiwal,Transportation and storage,556.0,3125.0
Sahiwal,Accommodation and food service activities,2963.0,9791.0
Sahiwal,Information and communication,519.0,1945.0
Sahiwal,Financial and insurance activities,288.0,2814.0
Sahiwal,Real estate activities,565.0,1296.0
Sahiwal,"Professional, scientific and technical activities",307.0,2116.0
Sahiwal,Administrative and support service activities,294.0,1079.0
Sahiwal,Public administration and defence; compulsory social security,307.0,5841.0
Sahiwal,Education,3435.0,55683.0
Sahiwal,Human health and social work activities,1495.0,8233.0
Sahiwal,"Arts, entertainment and recreation",213.0,722.0
Sahiwal,Other service activities,9863.0,24461.0
Sahiwal,Activities of extraterritorial organizations and bodies,0.0,0.0
Sahiwal,Others,567.0,977.0
Sahiwal,Old homes /Orphanage,2.0,12.0
Sahiwal,Hostel,154.0,1550.0
Sahiwal,Hotel,2816.0,8376.0
Sahiwal,Hospital,1459.0,8009.0
Sahiwal,Maddrasa,327.0,3906.0
Sahiwal,School,2541.0,45952.0
Sahiwal,College,135.0,3491.0
Sahiwal,University,1.0,22.0
Sahiwal,Masjid,5256.0,17775.0
Sahiwal,Shop Retail,30942.0,67674.0
Sahiwal,Shop Wholesale,2064.0,5982.0
Sahiwal,Shop Service,10162.0,21138.0
Sahiwal,Shop Production,8052.0,16965.0
Sahiwal,Factory,183.0,12577.0
Sahiwal,Semi Govt. Office,106.0,1459.0
Sahiwal,Govt. Office,318.0,4971.0
Sahiwal,Post Office,66.0,443.0
Sahiwal,Bank,244.0,2559.0
Sahiwal,Police Station,26.0,685.0
Sahiwal,Cattle Farming,29974.0,49500.0
Sahiwal,Others,2188.0,9088.0
Sargodha,"Agriculture, forestry and fishing",39638.0,67839.0
Sargodha,Mining and quarrying,0.0,0.0
Sargodha,Manufacturing,13894.0,42209.0
Sargodha,"Electricity, gas, steam and air conditioning supply",2.0,30.0
Sargodha,"Water supply; sewerage, waste management and remediation activities",744.0,2622.0
Sargodha,Construction,60.0,352.0
Sargodha,Wholesale and retail trade; repair of motor vehicles and motorcycles,53060.0,103299.0
Sargodha,Transportation and storage,930.0,3394.0
Sargodha,Accommodation and food service activities,4196.0,13143.0
Sargodha,Information and communication,735.0,2586.0
Sargodha,Financial and insurance activities,433.0,4146.0
Sargodha,Real estate activities,977.0,2107.0
Sargodha,"Professional, scientific and technical activities",769.0,10155.0
Sargodha,Administrative and support service activities,494.0,1325.0
Sargodha,Public administration and defence; compulsory social security,429.0,9672.0
Sargodha,Education,5764.0,69006.0
Sargodha,Human health and social work activities,1789.0,9849.0
Sargodha,"Arts, entertainment and recreation",333.0,757.0
Sargodha,Other service activities,19165.0,42837.0
Sargodha,Activities of extraterritorial organizations and bodies,0.0,0.0
Sargodha,Others,867.0,1280.0
Sargodha,Old homes /Orphanage,6.0,180.0
Sargodha,Hostel,263.0,1396.0
Sargodha,Hotel,3943.0,11777.0
Sargodha,Hospital,1698.0,9368.0
Sargodha,Maddrasa,620.0,3603.0
Sargodha,School,4204.0,52683.0
Sargodha,College,280.0,7954.0
Sargodha,University,3.0,103.0
Sargodha,Masjid,12485.0,32778.0
Sargodha,Shop Retail,44999.0,85359.0
Sargodha,Shop Wholesale,2792.0,6362.0
Sargodha,Shop Service,15766.0,38737.0
Sargodha,Shop Production,13382.0,28007.0
Sargodha,Factory,247.0,13265.0
Sargodha,Semi Govt. Office,116.0,735.0
Sargodha,Govt. Office,535.0,6144.0
Sargodha,Post Office,80.0,312.0
Sargodha,Bank,349.0,3747.0
Sargodha,Police Station,45.0,1096.0
Sargodha,Cattle Farming,39831.0,68151.0
Sargodha,Others,2635.0,14851.0
Sheikhupura,"Agriculture, forestry and fishing",41427.0,75470.0
Sheikhupura,Mining and quarrying,0.0,0.0
Sheikhupura,Manufacturing,13913.0,127441.0
Sheikhupura,"Electricity, gas, steam and air conditioning supply",31.0,769.0
Sheikhupura,"Water supply; sewerage, waste management and remediation activities",949.0,1572.0
Sheikhupura,Construction,60.0,366.0
Sheikhupura,Wholesale and retail trade; repair of motor vehicles and motorcycles,54930.0,160110.0
Sheikhupura,Transportation and storage,1659.0,5901.0
Sheikhupura,Accommodation and food service activities,4782.0,17484.0
Sheikhupura,Information and communication,648.0,1936.0
Sheikhupura,Financial and insurance activities,320.0,3426.0
Sheikhupura,Real estate activities,1597.0,4396.0
Sheikhupura,"Professional, scientific and technical activities",588.0,2102.0
Sheikhupura,Administrative and support service activities,431.0,1133.0
Sheikhupura,Public administration and defence; compulsory social security,361.0,7603.0
Sheikhupura,Education,5231.0,92839.0
Sheikhupura,Human health and social work activities,2022.0,11061.0
Sheikhupura,"Arts, entertainment and recreation",625.0,962.0
Sheikhupura,Other service activities,15316.0,44386.0
Sheikhupura,Activities of extraterritorial organizations and bodies,0.0,0.0
Sheikhupura,Others,1056.0,1632.0
Sheikhupura,Old homes /Orphanage,1.0,14.0
Sheikhupura,Hostel,113.0,4424.0
Sheikhupura,Hotel,4687.0,14450.0
Sheikhupura,Hospital,1958.0,10699.0
Sheikhupura,Maddrasa,395.0,3764.0
Sheikhupura,School,4087.0,74300.0
Sheikhupura,College,187.0,6020.0
Sheikhupura,University,2.0,10.0
Sheikhupura,Masjid,7639.0,32425.0
Sheikhupura,Shop Retail,46714.0,134765.0
Sheikhupura,Shop Wholesale,3487.0,9922.0
Sheikhupura,Shop Service,16653.0,38857.0
Sheikhupura,Shop Production,12763.0,31966.0
Sheikhupura,Factory,757.0,91694.0
Sheikhupura,Semi Govt. Office,93.0,611.0
Sheikhupura,Govt. Office,344.0,7028.0
Sheikhupura,Post Office,83.0,390.0
Sheikhupura,Bank,281.0,2933.0
Sheikhupura,Police Station,44.0,1018.0
Sheikhupura,Cattle Farming,41698.0,75820.0
Sheikhupura,Others,3960.0,19479.0
Sialkot,"Agriculture, forestry and fishing",40974.0,71251.0
Sialkot,Mining and quarrying,0.0,0.0
Sialkot,Manufacturing,13143.0,69195.0
Sialkot,"Electricity, gas, steam and air conditioning supply",2.0,100.0
Sialkot,"Water supply; sewerage, waste management and remediation activities",1213.0,1546.0
Sialkot,Construction,60.0,265.0
Sialkot,Wholesale and retail trade; repair of motor vehicles and motorcycles,57162.0,187417.0
Sialkot,Transportation and storage,1244.0,10525.0
Sialkot,Accommodation and food service activities,5171.0,17642.0
Sialkot,Information and communication,546.0,2391.0
Sialkot,Financial and insurance activities,539.0,4994.0
Sialkot,Real estate activities,509.0,1301.0
Sialkot,"Professional, scientific and technical activities",458.0,3731.0
Sialkot,Administrative and support service activities,607.0,3561.0
Sialkot,Public administration and defence; compulsory social security,513.0,11289.0
Sialkot,Education,6358.0,85824.0
Sialkot,Human health and social work activities,2163.0,10534.0
Sialkot,"Arts, entertainment and recreation",632.0,5348.0
Sialkot,Other service activities,14946.0,33568.0
Sialkot,Activities of extraterritorial organizations and bodies,0.0,0.0
Sialkot,Others,1617.0,3468.0
Sialkot,Old homes /Orphanage,2.0,26.0
Sialkot,Hostel,90.0,2848.0
Sialkot,Hotel,5109.0,16007.0
Sialkot,Hospital,2094.0,10103.0
Sialkot,Maddrasa,566.0,3568.0
Sialkot,School,4828.0,71350.0
Sialkot,College,208.0,4774.0
Sialkot,University,4.0,246.0
Sialkot,Masjid,8886.0,24681.0
Sialkot,Shop Retail,50578.0,170843.0
Sialkot,Shop Wholesale,2793.0,7070.0
Sialkot,Shop Service,13011.0,30971.0
Sialkot,Shop Production,12231.0,33496.0
Sialkot,Factory,636.0,33430.0
Sialkot,Semi Govt. Office,128.0,816.0
Sialkot,Govt. Office,425.0,10432.0
Sialkot,Post Office,174.0,1236.0
Sialkot,Bank,472.0,4767.0
Sialkot,Police Station,34.0,690.0
Sialkot,Cattle Farming,41422.0,71768.0
Sialkot,Others,4166.0,24828.0
Toba Tek Singh,"Agriculture, forestry and fishing",28266.0,47943.0
Toba Tek Singh,Mining and quarrying,0.0,0.0
Toba Tek Singh,Manufacturing,8055.0,22721.0
Toba Tek Singh,"Electricity, gas, steam and air conditioning supply",4.0,65.0
Toba Tek Singh,"Water supply; sewerage, waste management and remediation activities",1222.0,1447.0
Toba Tek Singh,Construction,29.0,232.0
Toba Tek Singh,Wholesale and retail trade; repair of motor vehicles and motorcycles,30073.0,53200.0
Toba Tek Singh,Transportation and storage,371.0,1584.0
Toba Tek Singh,Accommodation and food service activities,2491.0,15488.0
Toba Tek Singh,Information and communication,440.0,1262.0
Toba Tek Singh,Financial and insurance activities,257.0,2237.0
Toba Tek Singh,Real estate activities,445.0,836.0
Toba Tek Singh,"Professional, scientific and technical activities",575.0,1959.0
Toba Tek Singh,Administrative and support service activities,249.0,848.0
Toba Tek Singh,Public administration and defence; compulsory social security,261.0,2961.0
Toba Tek Singh,Education,3612.0,75248.0
Toba Tek Singh,Human health and social work activities,1262.0,6245.0
Toba Tek Singh,"Arts, entertainment and recreation",241.0,517.0
Toba Tek Singh,Other service activities,9825.0,27598.0
Toba Tek Singh,Activities of extraterritorial organizations and bodies,0.0,0.0
Toba Tek Singh,Others,574.0,939.0
Toba Tek Singh,Old homes /Orphanage,1.0,17.0
Toba Tek Singh,Hostel,56.0,474.0
Toba Tek Singh,Hotel,2446.0,15121.0
Toba Tek Singh,Hospital,1225.0,5983.0
Toba Tek Singh,Maddrasa,441.0,4303.0
Toba Tek Singh,School,2589.0,65012.0
Toba Tek Singh,College,160.0,3339.0
Toba Tek Singh,University,0.0,0.0
Toba Tek Singh,Masjid,5411.0,22127.0
Toba Tek Singh,Shop Retail,25230.0,43898.0
Toba Tek Singh,Shop Wholesale,1652.0,3146.0
Toba Tek Singh,Shop Service,9902.0,17800.0
Toba Tek Singh,Shop Production,7636.0,16253.0
Toba Tek Singh,Factory,173.0,5889.0
Toba Tek Singh,Semi Govt. Office,66.0,257.0
Toba Tek Singh,Govt. Office,290.0,2809.0
Toba Tek Singh,Post Office,45.0,279.0
Toba Tek Singh,Bank,224.0,2186.0
Toba Tek Singh,Police Station,23.0,612.0
Toba Tek Singh,Cattle Farming,28442.0,48174.0
Toba Tek Singh,Others,2240.0,5651.0
Vehari,"Agriculture, forestry and fishing",35264.0,58577.0
Vehari,Mining and quarrying,0.0,0.0
Vehari,Manufacturing,10422.0,32397.0
Vehari,"Electricity, gas, steam and air conditioning supply",4.0,16.0
Vehari,"Water supply; sewerage, waste management and remediation activities",2019.0,2539.0
Vehari,Construction,34.0,186.0
Vehari,Wholesale and retail trade; repair of motor vehicles and motorcycles,45019.0,86717.0
Vehari,Transportation and storage,443.0,2061.0
Vehari,Accommodation and food service activities,3408.0,8868.0
Vehari,Information and communication,567.0,1291.0
Vehari,Financial and insurance activities,271.0,2909.0
Vehari,Real estate activities,561.0,1527.0
Vehari,"Professional, scientific and technical activities",315.0,1186.0
Vehari,Administrative and support service activities,271.0,726.0
Vehari,Public administration and defence; compulsory social security,272.0,4195.0
Vehari,Education,4435.0,51228.0
Vehari,Human health and social work activities,1622.0,6867.0
Vehari,"Arts, entertainment and recreation",212.0,355.0
Vehari,Other service activities,14426.0,30642.0
Vehari,Activities of extraterritorial organizations and bodies,0.0,0.0
Vehari,Others,496.0,543.0
Vehari,Old homes /Orphanage,1.0,16.0
Vehari,Hostel,58.0,306.0
Vehari,Hotel,3352.0,8587.0
Vehari,Hospital,1574.0,6567.0
Vehari,Maddrasa,597.0,4695.0
Vehari,School,3080.0,39351.0
Vehari,College,117.0,3812.0
Vehari,University,2.0,129.0
Vehari,Masjid,8820.0,22847.0
Vehari,Shop Retail,38066.0,66373.0
Vehari,Shop Wholesale,2094.0,10937.0
Vehari,Shop Service,12827.0,23884.0
Vehari,Shop Production,9956.0,20267.0
Vehari,Factory,245.0,10618.0
Vehari,Semi Govt. Office,94.0,470.0
Vehari,Govt. Office,281.0,3625.0
Vehari,Post Office,50.0,269.0
Vehari,Bank,235.0,2698.0
Vehari,Police Station,37.0,964.0
Vehari,Cattle Farming,35408.0,58784.0
Vehari,Others,3167.0,7631.0
